<?xml version="1.0" encoding="UTF-8"?>
<project-private xmlns="http://www.netbeans.org/ns/project-private/1">
    <editor-bookmarks xmlns="http://www.netbeans.org/ns/editor-bookmarks/2" lastBookmarkId="0"/>
    <open-files xmlns="http://www.netbeans.org/ns/projectui-open-files/2">
        <group>
            <file>file:/F:/Java%20Files/MedAlart/src/medalart/DBConnect.java</file>
            <file>file:/F:/Java%20Files/MedAlart/src/medalart/Alarm.java</file>
            <file>file:/F:/Java%20Files/MedAlart/src/medalart/SystemClock.java</file>
            <file>file:/F:/Java%20Files/MedAlart/src/medalart/FirstFrame.java</file>
            <file>file:/F:/Java%20Files/MedAlart/src/medalart/Register.java</file>
            <file>file:/F:/Java%20Files/MedAlart/src/medalart/MainClass.java</file>
            <file>file:/F:/Java%20Files/MedAlart/src/medalart/InputFrame.java</file>
        </group>
    </open-files>
</project-private>
